{ "indexes" : [ { "v" : 1, "name" : "_id_", "key" : { "_id" : 1 }, "ns" : "wc_audit_equaleducation_org_za.users" }, { "v" : 1, "name" : "username_1", "key" : { "username" : 1 }, "unique" : true, "ns" : "wc_audit_equaleducation_org_za.users", "sparse" : 1 }, { "v" : 1, "name" : "emails.address_1", "key" : { "emails.address" : 1 }, "unique" : true, "ns" : "wc_audit_equaleducation_org_za.users", "sparse" : 1 }, { "v" : 1, "name" : "services.resume.loginTokens.hashedToken_1", "key" : { "services.resume.loginTokens.hashedToken" : 1 }, "unique" : true, "ns" : "wc_audit_equaleducation_org_za.users", "sparse" : 1 }, { "v" : 1, "name" : "services.resume.loginTokens.token_1", "key" : { "services.resume.loginTokens.token" : 1 }, "unique" : true, "ns" : "wc_audit_equaleducation_org_za.users", "sparse" : 1 }, { "v" : 1, "name" : "services.resume.haveLoginTokensToDelete_1", "key" : { "services.resume.haveLoginTokensToDelete" : 1 }, "ns" : "wc_audit_equaleducation_org_za.users", "sparse" : 1 }, { "v" : 1, "name" : "services.resume.loginTokens.when_1", "key" : { "services.resume.loginTokens.when" : 1 }, "ns" : "wc_audit_equaleducation_org_za.users", "sparse" : 1 }, { "v" : 1, "name" : "services.email.verificationTokens.token_1", "key" : { "services.email.verificationTokens.token" : 1 }, "unique" : true, "ns" : "wc_audit_equaleducation_org_za.users", "sparse" : 1 }, { "v" : 1, "name" : "services.password.reset.token_1", "key" : { "services.password.reset.token" : 1 }, "unique" : true, "ns" : "wc_audit_equaleducation_org_za.users", "sparse" : 1 } ] }